"m","accuracy","avg_class_accuracy","f1"
2,0.416703687250111,0.196987468719973,0.17566922302083
3,0.412305641936917,0.196490103458311,0.177343974291109
4,0.40719680142159,0.194045071674916,0.175291417746008
5,0.406086183918259,0.19457618225883,0.176852543248003
6,NA,NA,NA
7,NA,NA,NA
8,NA,NA,NA
9,NA,NA,NA
10,NA,NA,NA
11,NA,NA,NA
12,NA,NA,NA
13,NA,NA,NA
14,NA,NA,NA
15,NA,NA,NA
16,NA,NA,NA
17,NA,NA,NA
18,NA,NA,NA
19,NA,NA,NA
