"m","accuracy","avg_class_accuracy","f1"
2,0.334340293203021,0.219180796235073,0.215616306067947
3,0.336605952909818,0.217003563467538,0.214636708555263
4,0.336206130608618,0.214997259612558,0.212848217203299
5,NA,NA,NA
6,NA,NA,NA
7,NA,NA,NA
8,NA,NA,NA
9,NA,NA,NA
10,NA,NA,NA
11,NA,NA,NA
12,NA,NA,NA
13,NA,NA,NA
14,NA,NA,NA
15,NA,NA,NA
16,NA,NA,NA
17,NA,NA,NA
18,NA,NA,NA
19,NA,NA,NA
